,price,area,bedrooms,bathrooms,stories,mainroad,guestroom,basement,hotwaterheating,airconditioning,parking,prefarea,furnishingstatus
0,13300000,7420.0,4.0,2.0,3.0,yes,Yes,No,No,Yes,2.0,Yes,furnished
1,12250000,8960.0,6.0,4.0,4.0,Yes,No,No,No,Yes,3.0,No,furnished
2,12250000,9960.0,3.0,2.0,2.0,Yes,No,Yes,No,No,2.0,Yes,semi-furnished
3,12215000,7500.0,3.0,1.0,2.0,yes,No,Yes,No,Yes,3.0,Yes,furnished
4,11410000,7420.0,3.0,1.0,2.0,yes,Yes,Yes,No,Yes,2.0,No,furnished
5,10850000,5268.134974244121,3.0,1.0,2.0,yes,No,Yes,No,Yes,1.0,Yes,semi-furnished
6,10150000,6701.75,4.0,2.0,4.0,Yes,No,No,No,Yes,3.0,Yes,semi-furnished
7,10150000,16200.0,5.0,3.0,2.0,yes,Yes,No,No,No,0.0,No,furnished
8,9870000,8100.0,3.0,1.0,2.0,Yes,Yes,Yes,No,Yes,2.0,Yes,furnished
9,9800000,5750.0,3.0,2.0,4.0,yes,No,No,No,Yes,1.0,Yes,unfurnished
10,9800000,13200.0,3.0,1.0,2.0,Yes,No,Yes,No,Yes,2.0,Yes,furnished
11,9681000,5268.134974244121,3.0,1.0,2.0,Yes,Yes,Yes,No,Yes,2.0,Yes,semi-furnished
12,9310000,6550.0,4.0,2.0,3.0,yes,No,No,No,Yes,1.0,Yes,semi-furnished
13,9240000,3500.0,4.0,2.0,3.0,Yes,No,No,Yes,No,2.0,No,furnished
14,9240000,7800.0,4.0,2.0,2.0,Yes,No,No,No,Yes,0.0,Yes,semi-furnished
15,9100000,6701.75,4.0,2.0,2.0,yes,Yes,Yes,No,No,2.0,No,semi-furnished
16,9100000,5268.134974244121,4.0,2.0,2.0,Yes,Yes,Yes,No,Yes,1.0,Yes,unfurnished
17,8960000,8500.0,4.0,2.0,4.0,Yes,No,No,No,Yes,2.0,No,furnished
18,8890000,4600.0,4.0,2.0,2.0,yes,Yes,No,No,Yes,0.0,No,furnished
19,8855000,5268.134974244121,4.0,2.0,3.0,yes,No,No,No,Yes,1.0,Yes,semi-furnished
20,8750000,4320.0,3.0,1.0,2.0,yes,No,Yes,Yes,No,2.0,No,semi-furnished
21,8680000,7155.0,3.0,1.0,2.0,Yes,Yes,Yes,No,Yes,3.0,No,unfurnished
22,8645000,8050.0,3.0,1.0,2.0,Yes,No,Yes,No,Yes,1.0,No,furnished
23,8645000,4560.0,3.0,1.0,2.0,yes,Yes,Yes,No,Yes,1.0,Yes,furnished
24,8575000,8800.0,3.0,1.0,2.0,Yes,No,No,No,Yes,3.0,No,furnished
25,8540000,6701.75,4.0,2.0,3.0,Yes,Yes,No,No,Yes,3.0,Yes,furnished
26,8463000,6000.0,3.0,1.0,4.0,Yes,No,No,No,Yes,0.0,Yes,furnished
27,8400000,8875.0,3.0,1.0,2.0,Yes,No,No,No,No,3.0,Yes,semi-furnished
28,8400000,7950.0,5.0,2.0,2.0,yes,Yes,Yes,Yes,No,3.0,No,furnished
29,8400000,6701.75,4.0,2.0,2.0,Yes,No,Yes,No,Yes,1.0,Yes,semi-furnished
30,8400000,7475.0,4.0,2.0,4.0,yes,No,No,No,Yes,2.0,No,furnished
31,8400000,7000.0,3.0,1.0,4.0,Yes,No,No,No,Yes,2.0,Yes,semi-furnished
32,8295000,6701.75,4.0,2.0,2.0,Yes,Yes,No,No,Yes,1.0,Yes,furnished
33,8190000,5960.0,5.0,3.0,2.0,Yes,Yes,Yes,No,Yes,1.0,No,furnished
34,8120000,6840.0,3.0,1.0,2.0,Yes,Yes,Yes,No,Yes,3.0,No,furnished
35,8080940,7000.0,3.0,2.0,2.0,yes,No,Yes,No,Yes,3.0,No,furnished
36,8043000,7482.0,3.0,1.0,3.0,Yes,No,No,No,Yes,3.0,Yes,furnished
37,7980000,9000.0,4.0,2.0,4.0,Yes,Yes,No,No,Yes,2.0,No,furnished
38,7962500,5268.134974244121,3.0,1.0,4.0,yes,No,No,No,Yes,2.0,No,furnished
39,7910000,6701.75,4.0,2.0,3.0,yes,Yes,No,No,Yes,1.0,Yes,semi-furnished
40,7875000,6550.0,3.0,1.0,2.0,yes,No,Yes,No,Yes,3.0,Yes,furnished
41,7840000,6360.0,3.0,2.0,4.0,Yes,No,No,No,Yes,0.0,Yes,furnished
42,7700000,6480.0,3.0,1.0,2.0,yes,No,No,No,Yes,2.0,Yes,unfurnished
43,7700000,6000.0,3.0,1.0,2.0,yes,No,Yes,No,Yes,2.0,No,semi-furnished
44,7560000,6000.0,4.0,2.0,4.0,Yes,No,No,No,Yes,1.0,Yes,furnished
45,7560000,6000.0,3.0,2.0,3.0,Yes,No,No,No,Yes,0.0,No,furnished
46,7525000,6000.0,3.0,2.0,4.0,yes,No,No,No,Yes,1.0,No,furnished
47,7490000,6600.0,3.0,1.0,4.0,Yes,No,No,No,Yes,3.0,Yes,furnished
48,7455000,4300.0,3.0,2.0,2.0,Yes,No,Yes,No,Yes,0.0,No,furnished
49,7420000,5348.27,3.0,1.0,1.0,Yes,No,Yes,No,Yes,0.0,Yes,semi-furnished
50,7420000,5348.27,3.0,1.0,4.0,Yes,No,No,No,No,1.0,Yes,unfurnished
51,7420000,5348.27,3.0,1.0,4.0,Yes,No,No,No,Yes,1.0,No,furnished
52,7350000,6000.0,4.0,2.0,3.0,Yes,Yes,No,No,Yes,1.0,No,furnished
53,7350000,5268.134974244121,4.0,2.0,4.0,Yes,Yes,No,No,Yes,2.0,Yes,furnished
54,7350000,6000.0,4.0,2.0,2.0,yes,Yes,No,No,Yes,1.0,Yes,semi-furnished
55,7350000,6000.0,3.0,1.0,2.0,Yes,No,Yes,No,Yes,1.0,No,furnished
56,7343000,5268.134974244121,3.0,1.0,2.0,Yes,No,Yes,No,No,1.0,Yes,semi-furnished
57,7245000,9000.0,4.0,2.0,4.0,yes,Yes,No,No,Yes,3.0,Yes,furnished
58,7210000,7680.0,4.0,2.0,3.0,Yes,Yes,No,No,Yes,3.0,No,furnished
59,7210000,6000.0,3.0,2.0,4.0,Yes,Yes,No,No,Yes,1.0,No,furnished
60,7140000,6000.0,3.0,2.0,2.0,yes,Yes,No,No,No,2.0,Yes,semi-furnished
61,7070000,4658.37,2.0,1.0,1.0,Yes,No,Yes,No,Yes,0.0,No,furnished
62,7070000,6701.75,4.0,2.0,3.0,Yes,No,No,No,Yes,1.0,Yes,furnished
63,7035000,6701.75,4.0,2.0,3.0,yes,No,No,No,Yes,2.0,Yes,furnished
64,7000000,11175.0,3.0,1.0,2.0,Yes,No,Yes,No,Yes,3.0,Yes,furnished
65,6930000,5348.27,3.0,2.0,2.0,Yes,No,Yes,No,Yes,1.0,No,furnished
66,6930000,4658.37,2.0,1.0,1.0,yes,No,Yes,Yes,No,1.0,Yes,furnished
67,6895000,5268.134974244121,4.0,2.0,1.0,yes,No,No,No,No,1.0,No,unfurnished
68,6860000,6000.0,3.0,1.0,1.0,Yes,No,No,No,Yes,2.0,No,furnished
69,6790000,5268.134974244121,4.0,2.0,2.0,Yes,No,Yes,No,No,2.0,Yes,furnished
70,6790000,5268.134974244121,4.0,2.0,3.0,yes,Yes,No,No,Yes,0.0,Yes,furnished
71,6755000,6000.0,4.0,2.0,4.0,Yes,No,No,No,Yes,0.0,No,unfurnished
72,6720000,5020.0,3.0,1.0,4.0,Yes,No,No,No,Yes,0.0,Yes,furnished
73,6685000,6600.0,2.0,2.0,4.0,Yes,No,No,No,No,3.0,Yes,furnished
74,6650000,4040.0,3.0,1.0,2.0,yes,No,Yes,No,No,0.0,No,furnished
75,6650000,4260.0,3.0,1.0,2.0,Yes,No,No,No,Yes,0.0,Yes,semi-furnished
76,6650000,6420.0,3.0,1.0,2.0,yes,No,Yes,No,Yes,3.0,Yes,furnished
77,6650000,6500.0,3.0,1.0,2.0,Yes,No,Yes,No,Yes,0.0,Yes,furnished
78,6650000,5700.0,3.0,1.0,1.0,Yes,No,Yes,No,Yes,2.0,Yes,furnished
79,6650000,5348.27,3.0,1.0,2.0,yes,Yes,Yes,No,Yes,1.0,No,furnished
80,6629000,6000.0,3.0,1.0,2.0,Yes,No,No,Yes,No,2.0,Yes,furnished
81,6615000,4000.0,4.0,2.0,2.0,yes,No,Yes,No,Yes,1.0,No,semi-furnished
82,6615000,5348.27,3.0,1.0,1.0,yes,No,Yes,No,Yes,1.0,Yes,furnished
83,6580000,6000.0,4.0,2.0,3.0,Yes,No,No,No,Yes,2.0,No,furnished
84,6510000,5348.27,3.0,1.0,2.0,Yes,No,No,Yes,No,1.0,Yes,furnished
85,6510000,8250.0,3.0,2.0,3.0,Yes,No,No,No,Yes,3.0,Yes,furnished
86,6510000,5268.134974244121,3.0,1.0,3.0,yes,No,No,No,No,1.0,Yes,furnished
87,6475000,5348.27,3.0,1.0,1.0,yes,No,Yes,No,Yes,2.0,No,furnished
88,6475000,7410.0,3.0,1.0,1.0,Yes,Yes,Yes,No,Yes,3.0,Yes,unfurnished
89,6440000,8580.0,5.0,3.0,2.0,Yes,Yes,No,No,No,3.0,Yes,furnished
90,6440000,5000.0,3.0,1.0,2.0,Yes,No,No,No,Yes,0.0,No,furnished
91,6419000,6750.0,2.0,1.0,1.0,yes,Yes,Yes,No,Yes,2.0,Yes,furnished
92,6405000,5348.27,3.0,2.0,4.0,yes,Yes,No,No,Yes,1.0,No,furnished
93,6300000,7200.0,3.0,2.0,1.0,Yes,No,Yes,No,Yes,3.0,Yes,furnished
94,6300000,6000.0,4.0,2.0,4.0,yes,No,No,No,No,2.0,Yes,furnished
95,6300000,4100.0,3.0,1.0,3.0,Yes,No,No,No,Yes,0.0,Yes,furnished
96,6300000,9000.0,3.0,1.0,1.0,Yes,No,Yes,No,No,1.0,Yes,furnished
97,6300000,6400.0,3.0,1.0,2.0,Yes,No,Yes,No,Yes,1.0,Yes,furnished
98,6293000,6600.0,4.0,2.0,3.0,Yes,Yes,No,No,Yes,0.0,Yes,unfurnished
99,6265000,6701.75,4.0,1.0,3.0,yes,Yes,No,No,Yes,3.0,Yes,unfurnished
100,6230000,6600.0,3.0,2.0,2.0,Yes,No,Yes,No,Yes,0.0,Yes,furnished
101,6230000,5500.0,3.0,1.0,2.0,yes,No,No,No,No,2.0,Yes,unfurnished
102,6195000,5348.27,3.0,1.0,4.0,Yes,Yes,No,No,Yes,1.0,Yes,furnished
103,6195000,6350.0,3.0,1.0,3.0,Yes,Yes,No,No,Yes,0.0,No,furnished
104,6195000,5500.0,3.0,1.0,1.0,yes,No,Yes,No,Yes,2.0,Yes,furnished
105,6160000,5348.27,3.0,1.0,4.0,Yes,No,No,No,Yes,0.0,No,unfurnished
106,6160000,5450.0,4.0,2.0,1.0,yes,Yes,Yes,No,Yes,0.0,Yes,semi-furnished
107,6125000,6420.0,3.0,1.0,2.0,Yes,No,Yes,No,No,0.0,Yes,unfurnished
108,6107500,3240.0,3.0,1.0,3.0,Yes,No,No,No,Yes,1.0,Yes,semi-furnished
109,6090000,6701.75,4.0,2.0,3.0,Yes,Yes,No,Yes,No,1.0,No,semi-furnished
110,6090000,5268.134974244121,3.0,1.0,2.0,Yes,Yes,Yes,No,No,2.0,Yes,semi-furnished
111,6090000,5268.134974244121,3.0,1.0,3.0,Yes,No,No,No,Yes,2.0,No,unfurnished
112,6083000,4300.0,6.0,2.0,2.0,Yes,No,Yes,No,No,0.0,No,furnished
113,6083000,9620.0,3.0,1.0,1.0,yes,No,Yes,No,No,2.0,Yes,furnished
114,6020000,6800.0,3.0,1.0,2.0,Yes,No,Yes,No,No,2.0,No,furnished
115,6020000,8000.0,3.0,1.0,2.0,yes,No,Yes,No,Yes,2.0,Yes,semi-furnished
116,6020000,6900.0,4.0,2.0,1.0,yes,Yes,Yes,No,Yes,0.0,Yes,unfurnished
117,5950000,5268.134974244121,3.0,1.0,2.0,Yes,No,No,No,Yes,0.0,No,furnished
118,5950000,6420.0,3.0,1.0,1.0,Yes,No,Yes,No,Yes,3.0,Yes,furnished
119,5950000,5268.134974244121,3.0,1.0,2.0,Yes,No,Yes,No,Yes,1.0,Yes,furnished
120,5950000,6540.0,3.0,1.0,1.0,Yes,No,Yes,No,No,2.0,Yes,furnished
121,5950000,7231.0,3.0,1.0,2.0,Yes,No,Yes,No,Yes,3.0,Yes,furnished
122,5950000,6254.0,4.0,2.0,1.0,yes,Yes,Yes,No,No,3.0,Yes,semi-furnished
123,5950000,5268.134974244121,3.0,1.0,2.0,yes,No,No,No,Yes,1.0,No,furnished
124,5950000,6525.0,4.0,2.0,3.0,Yes,No,No,No,Yes,1.0,Yes,furnished
125,5943000,15600.0,3.0,1.0,1.0,Yes,No,Yes,No,Yes,3.0,No,furnished
126,5880000,7160.0,3.0,1.0,1.0,Yes,No,Yes,No,No,3.0,Yes,unfurnished
127,5880000,6500.0,3.0,1.0,3.0,yes,No,No,No,Yes,3.0,No,furnished
128,5873000,5500.0,3.0,1.0,3.0,Yes,No,No,No,Yes,1.0,No,furnished
129,5873000,11460.0,3.0,1.0,3.0,yes,No,No,No,No,2.0,Yes,furnished
130,5866000,5268.134974244121,3.0,1.0,1.0,yes,Yes,Yes,No,Yes,0.0,No,unfurnished
131,5810000,5828.0,4.0,2.0,4.0,Yes,Yes,No,No,No,0.0,No,semi-furnished
132,5810000,5268.134974244121,3.0,1.0,3.0,Yes,No,No,No,Yes,1.0,Yes,semi-furnished
133,5810000,5268.134974244121,3.0,1.0,3.0,Yes,No,No,No,Yes,0.0,No,unfurnished
134,5803000,5348.27,3.0,1.0,2.0,Yes,No,Yes,No,Yes,2.0,Yes,semi-furnished
135,5775000,6000.0,3.0,1.0,4.0,Yes,No,No,No,Yes,0.0,No,furnished
136,5740000,5400.0,4.0,2.0,3.0,Yes,No,No,No,Yes,2.0,No,unfurnished
137,5740000,4640.0,3.0,1.0,2.0,Yes,No,No,No,Yes,0.0,No,furnished
138,5740000,5000.0,3.0,1.0,3.0,yes,No,No,No,Yes,0.0,Yes,semi-furnished
139,5740000,5348.27,3.0,1.0,2.0,Yes,No,Yes,No,Yes,1.0,Yes,furnished
140,5740000,5348.27,3.0,2.0,4.0,Yes,No,No,No,Yes,1.0,Yes,unfurnished
141,5652500,6701.75,4.0,2.0,2.0,Yes,Yes,Yes,No,No,1.0,Yes,semi-furnished
142,5600000,10500.0,4.0,2.0,3.0,yes,No,No,No,No,1.0,Yes,furnished
143,5600000,10910.0,5.0,2.0,3.0,No,No,Yes,Yes,No,0.0,Yes,unfurnished
144,5600000,4700.0,4.0,1.0,2.0,Yes,Yes,Yes,No,Yes,0.0,No,furnished
145,5600000,5000.0,3.0,1.0,2.0,Yes,No,No,No,Yes,1.0,No,furnished
146,5600000,10500.0,2.0,1.0,1.0,yes,No,No,No,Yes,1.0,Yes,furnished
147,5600000,5268.134974244121,4.0,2.0,2.0,yes,No,No,No,Yes,1.0,No,semi-furnished
148,5600000,6360.0,3.0,1.0,3.0,yes,No,No,No,Yes,3.0,Yes,furnished
149,5600000,6701.75,4.0,2.0,3.0,Yes,No,Yes,No,No,3.0,Yes,semi-furnished
150,5600000,5136.0,3.0,1.0,2.0,Yes,No,Yes,No,Yes,1.0,Yes,unfurnished
151,5565000,4400.0,4.0,1.0,3.0,Yes,No,No,No,Yes,2.0,Yes,furnished
152,5565000,5268.134974244121,3.0,1.0,2.0,yes,Yes,Yes,No,Yes,0.0,Yes,furnished
153,5530000,3300.0,3.0,1.0,2.0,yes,No,Yes,No,No,0.0,Yes,semi-furnished
154,5530000,3650.0,3.0,2.0,2.0,Yes,No,Yes,No,No,0.0,No,semi-furnished
155,5530000,6100.0,3.0,2.0,2.0,Yes,No,Yes,No,No,2.0,Yes,furnished
156,5523000,6900.0,3.0,1.0,1.0,yes,Yes,Yes,No,No,0.0,Yes,furnished
157,5495000,5268.134974244121,4.0,2.0,2.0,yes,Yes,Yes,No,Yes,1.0,Yes,furnished
158,5495000,7980.0,3.0,1.0,1.0,Yes,No,No,No,No,2.0,No,semi-furnished
159,5460000,5348.27,3.0,2.0,1.0,Yes,Yes,Yes,No,Yes,1.0,No,furnished
160,5460000,6701.75,4.0,1.0,3.0,Yes,Yes,No,No,Yes,0.0,No,furnished
161,5460000,6100.0,3.0,1.0,3.0,Yes,Yes,No,No,Yes,2.0,Yes,furnished
162,5460000,6600.0,4.0,2.0,2.0,Yes,Yes,Yes,No,Yes,0.0,Yes,furnished
163,5425000,5348.27,3.0,1.0,1.0,yes,Yes,Yes,No,Yes,0.0,Yes,semi-furnished
164,5390000,6710.0,4.0,2.0,3.0,Yes,Yes,Yes,No,No,1.0,Yes,furnished
165,5383000,5268.134974244121,4.0,2.0,3.0,yes,Yes,No,Yes,Yes,1.0,No,unfurnished
166,5320000,7800.0,3.0,1.0,1.0,Yes,No,Yes,No,Yes,2.0,Yes,unfurnished
167,5285000,4600.0,2.0,2.0,1.0,yes,No,Yes,No,Yes,2.0,Yes,semi-furnished
168,5250000,6701.75,4.0,2.0,2.0,Yes,Yes,Yes,No,Yes,0.0,Yes,furnished
169,5250000,6540.0,3.0,1.0,2.0,No,No,No,No,Yes,3.0,Yes,semi-furnished
170,5250000,5500.0,3.0,2.0,1.0,Yes,No,Yes,No,No,2.0,Yes,semi-furnished
171,5250000,5348.27,3.0,1.0,2.0,Yes,No,Yes,No,No,1.0,Yes,semi-furnished
172,5250000,8400.0,3.0,1.0,2.0,yes,Yes,Yes,No,Yes,2.0,Yes,semi-furnished
173,5250000,6701.75,4.0,2.0,3.0,Yes,No,No,No,Yes,0.0,Yes,unfurnished
174,5250000,3800.0,3.0,1.0,2.0,Yes,No,Yes,No,No,0.0,Yes,unfurnished
175,5250000,9800.0,4.0,2.0,2.0,Yes,Yes,No,No,Yes,2.0,Yes,semi-furnished
176,5250000,8520.0,3.0,1.0,1.0,yes,No,Yes,No,Yes,3.0,Yes,furnished
177,5243000,5348.27,3.0,1.0,1.0,yes,No,Yes,No,No,1.0,Yes,semi-furnished
178,5229000,7085.0,3.0,1.0,2.0,yes,Yes,Yes,No,Yes,3.0,Yes,semi-furnished
179,5215000,5348.27,3.0,2.0,2.0,Yes,No,No,No,Yes,2.0,Yes,semi-furnished
180,5215000,6701.75,4.0,2.0,3.0,No,No,No,No,Yes,3.0,Yes,semi-furnished
181,5215000,7200.0,3.0,1.0,2.0,yes,Yes,Yes,No,No,1.0,Yes,furnished
182,5145000,3410.0,3.0,1.0,2.0,No,No,No,No,Yes,0.0,Yes,semi-furnished
183,5145000,7980.0,3.0,1.0,2.0,Yes,No,No,No,Yes,1.0,Yes,semi-furnished
184,5110000,3000.0,3.0,2.0,2.0,Yes,Yes,Yes,No,No,0.0,No,furnished
185,5110000,3000.0,3.0,1.0,2.0,Yes,No,Yes,No,No,0.0,No,semi-furnished
186,5110000,11410.0,2.0,1.0,2.0,Yes,No,No,No,No,0.0,No,semi-furnished
187,5110000,6100.0,3.0,1.0,1.0,Yes,No,Yes,No,Yes,0.0,Yes,semi-furnished
188,5075000,5720.0,2.0,1.0,2.0,yes,No,No,No,Yes,0.0,No,unfurnished
189,5040000,5268.134974244121,3.0,1.0,1.0,No,No,Yes,No,No,0.0,No,semi-furnished
190,5040000,7600.0,3.0,1.0,2.0,yes,No,No,No,Yes,2.0,No,furnished
191,5040000,5348.27,3.0,1.0,2.0,Yes,Yes,Yes,No,No,0.0,No,semi-furnished
192,5040000,6600.0,3.0,1.0,1.0,Yes,Yes,Yes,No,No,0.0,No,furnished
193,5033000,4800.0,2.0,1.0,1.0,yes,No,Yes,No,No,0.0,No,semi-furnished
194,5005000,5268.134974244121,3.0,1.0,2.0,yes,Yes,Yes,No,No,0.0,No,semi-furnished
195,4970000,4410.0,4.0,3.0,3.0,Yes,No,No,No,No,2.0,No,semi-furnished
196,4970000,7686.0,3.0,1.0,1.0,Yes,Yes,Yes,Yes,No,3.0,No,semi-furnished
197,4956000,5348.27,3.0,2.0,2.0,yes,No,Yes,No,Yes,1.0,No,semi-furnished
198,4935000,5948.0,3.0,1.0,2.0,Yes,No,No,No,Yes,0.0,No,semi-furnished
199,4907000,4200.0,3.0,1.0,2.0,yes,No,No,No,No,1.0,No,semi-furnished
200,4900000,5268.134974244121,3.0,1.0,2.0,Yes,No,Yes,No,Yes,0.0,No,semi-furnished
201,4900000,5268.134974244121,3.0,1.0,2.0,No,Yes,Yes,No,Yes,1.0,No,semi-furnished
202,4900000,4120.0,2.0,1.0,1.0,Yes,No,Yes,No,No,1.0,No,semi-furnished
203,4900000,5268.134974244121,3.0,1.0,2.0,Yes,No,Yes,No,No,0.0,No,semi-furnished
204,4900000,5348.27,3.0,1.0,2.0,Yes,No,Yes,No,No,0.0,No,semi-furnished
205,4900000,5268.134974244121,3.0,1.0,1.0,Yes,No,No,No,Yes,2.0,No,semi-furnished
206,4900000,4658.37,2.0,1.0,1.0,Yes,No,Yes,No,Yes,0.0,No,semi-furnished
207,4900000,5348.27,3.0,1.0,2.0,Yes,No,Yes,No,No,0.0,No,semi-furnished
208,4900000,2970.0,3.0,1.0,3.0,Yes,No,No,No,No,0.0,No,semi-furnished
209,4900000,6720.0,3.0,1.0,2.0,Yes,No,No,No,No,3.0,No,unfurnished
210,4900000,5348.27,3.0,1.0,2.0,Yes,Yes,Yes,No,No,2.0,No,semi-furnished
211,4900000,12900.0,3.0,1.0,1.0,yes,No,No,No,No,3.0,No,furnished
212,4893000,3420.0,4.0,2.0,2.0,yes,Yes,Yes,No,Yes,0.0,No,semi-furnished
213,4893000,4995.0,3.0,1.0,1.0,yes,No,Yes,No,No,0.0,No,semi-furnished
214,4865000,4658.37,2.0,1.0,1.0,Yes,No,Yes,No,No,0.0,No,unfurnished
215,4830000,4160.0,3.0,1.0,3.0,Yes,No,No,No,No,0.0,No,unfurnished
216,4830000,6040.0,3.0,1.0,1.0,yes,No,Yes,No,No,2.0,Yes,semi-furnished
217,4830000,6862.0,3.0,1.0,2.0,Yes,No,No,No,Yes,3.0,Yes,furnished
218,4830000,4815.0,2.0,1.0,1.0,yes,No,No,No,Yes,0.0,Yes,semi-furnished
219,4795000,5348.27,3.0,1.0,2.0,yes,No,Yes,No,No,1.0,No,semi-furnished
220,4795000,8100.0,3.0,1.0,4.0,yes,No,No,No,Yes,3.0,No,semi-furnished
221,4767000,5268.134974244121,4.0,2.0,3.0,yes,No,No,No,No,0.0,No,semi-furnished
222,4760000,9166.0,2.0,1.0,1.0,yes,No,Yes,No,Yes,2.0,No,semi-furnished
223,4760000,6321.0,3.0,1.0,2.0,Yes,No,Yes,No,Yes,3.0,No,furnished
224,4760000,10240.0,3.0,1.0,1.0,Yes,No,Yes,No,Yes,3.0,Yes,unfurnished
225,4753000,4658.37,2.0,1.0,1.0,yes,No,No,No,Yes,0.0,No,semi-furnished
226,4690000,5268.134974244121,3.0,1.0,4.0,Yes,No,No,No,Yes,0.0,No,semi-furnished
227,4690000,5268.134974244121,3.0,1.0,1.0,Yes,No,Yes,No,Yes,1.0,No,semi-furnished
228,4690000,5268.134974244121,3.0,1.0,2.0,Yes,No,No,No,No,1.0,No,semi-furnished
229,4690000,9667.0,3.0,1.0,2.0,Yes,No,Yes,No,No,1.0,No,semi-furnished
230,4690000,5400.0,2.0,1.0,2.0,yes,No,Yes,No,No,1.0,Yes,semi-furnished
231,4690000,4320.0,3.0,1.0,2.0,Yes,No,No,No,No,0.0,Yes,semi-furnished
232,4655000,3745.0,3.0,1.0,2.0,Yes,No,Yes,No,No,0.0,No,furnished
233,4620000,4160.0,3.0,1.0,1.0,yes,No,Yes,No,Yes,0.0,No,semi-furnished
234,4620000,3880.0,3.0,2.0,2.0,Yes,No,Yes,No,No,0.0,No,semi-furnished
235,4620000,5268.134974244121,3.0,1.0,2.0,Yes,Yes,No,No,Yes,1.0,No,semi-furnished
236,4620000,2870.0,2.0,1.0,1.0,Yes,Yes,Yes,No,No,0.0,No,semi-furnished
237,4620000,5268.134974244121,3.0,1.0,2.0,yes,No,Yes,No,No,0.0,No,semi-furnished
238,4613000,4510.0,4.0,2.0,2.0,yes,Yes,Yes,No,No,0.0,No,semi-furnished
239,4585000,4000.0,3.0,1.0,2.0,yes,No,No,No,No,1.0,No,furnished
240,4585000,5348.27,3.0,1.0,2.0,Yes,No,No,No,No,1.0,No,semi-furnished
241,4550000,3760.0,3.0,1.0,1.0,yes,No,Yes,No,No,0.0,No,semi-furnished
242,4550000,5348.27,3.0,1.0,2.0,Yes,No,Yes,No,Yes,0.0,No,furnished
243,4550000,2550.0,3.0,1.0,2.0,Yes,No,Yes,No,No,0.0,No,semi-furnished
244,4550000,5320.0,3.0,1.0,2.0,yes,Yes,Yes,No,No,0.0,No,semi-furnished
245,4550000,5348.27,3.0,1.0,2.0,Yes,No,No,No,No,1.0,Yes,unfurnished
246,4550000,5348.27,3.0,1.0,2.0,Yes,No,Yes,No,No,0.0,Yes,semi-furnished
247,4550000,4387.315789473684,4.0,2.0,3.0,Yes,No,No,No,No,3.0,No,semi-furnished
248,4543000,4100.0,2.0,1.0,1.0,Yes,No,Yes,No,No,0.0,No,semi-furnished
249,4543000,4990.0,4.0,2.0,3.0,yes,Yes,No,No,No,0.0,No,furnished
250,4515000,3510.0,3.0,1.0,3.0,Yes,No,No,No,No,0.0,No,semi-furnished
251,4515000,3450.0,3.0,1.0,2.0,yes,No,Yes,No,No,1.0,No,semi-furnished
252,4515000,9860.0,3.0,1.0,2.0,Yes,No,Yes,No,No,3.0,No,semi-furnished
253,4515000,3520.0,3.0,1.0,2.0,Yes,No,No,No,No,0.0,Yes,furnished
254,4480000,4510.0,4.0,1.0,2.0,yes,No,No,No,Yes,2.0,No,unfurnished
255,4480000,5885.0,2.0,1.0,1.0,Yes,No,Yes,No,Yes,2.0,No,unfurnished
256,4480000,4000.0,3.0,1.0,2.0,Yes,No,Yes,No,No,2.0,No,furnished
257,4480000,5348.27,3.0,1.0,2.0,Yes,No,No,No,No,1.0,No,unfurnished
258,4480000,4040.0,3.0,1.0,2.0,Yes,No,No,No,No,0.0,No,semi-furnished
259,4473000,6360.0,2.0,1.0,1.0,Yes,No,Yes,No,No,3.0,No,furnished
260,4473000,3162.0,3.0,1.0,2.0,yes,No,No,No,No,0.0,No,furnished
261,4473000,5268.134974244121,3.0,1.0,2.0,yes,No,No,No,No,0.0,No,unfurnished
262,4445000,4658.37,2.0,1.0,1.0,yes,Yes,Yes,No,No,0.0,No,semi-furnished
263,4410000,3968.0,3.0,1.0,2.0,No,No,Yes,No,No,0.0,No,unfurnished
264,4410000,4658.37,2.0,1.0,2.0,yes,No,Yes,No,No,0.0,No,semi-furnished
265,4403000,2880.0,3.0,1.0,2.0,Yes,No,No,No,No,0.0,Yes,semi-furnished
266,4403000,4880.0,3.0,1.0,1.0,yes,No,No,No,No,2.0,Yes,unfurnished
267,4403000,5268.134974244121,3.0,1.0,2.0,Yes,No,No,No,No,1.0,No,unfurnished
268,4382000,4387.315789473684,4.0,1.0,2.0,Yes,No,No,No,Yes,0.0,No,unfurnished
269,4375000,3900.0,3.0,1.0,2.0,Yes,No,Yes,No,No,0.0,No,unfurnished
270,4340000,4500.0,3.0,1.0,3.0,Yes,No,No,Yes,No,1.0,No,unfurnished
271,4340000,5268.134974244121,3.0,1.0,2.0,yes,No,Yes,No,No,1.0,No,semi-furnished
272,4340000,4075.0,3.0,1.0,2.0,Yes,No,Yes,No,No,2.0,No,unfurnished
273,4340000,3500.0,4.0,1.0,2.0,Yes,No,No,No,No,0.0,No,furnished
274,4340000,6450.0,3.0,1.0,2.0,Yes,No,No,No,No,0.0,No,semi-furnished
275,4319000,5268.134974244121,3.0,1.0,2.0,Yes,No,Yes,No,No,0.0,No,furnished
276,4305000,4658.37,2.0,1.0,1.0,Yes,No,No,No,No,1.0,No,semi-furnished
277,4305000,10360.0,3.0,1.0,2.0,Yes,No,No,No,No,1.0,No,unfurnished
278,4277000,3400.0,3.0,1.0,2.0,Yes,No,Yes,No,No,0.0,No,unfurnished
279,4270000,6360.0,3.0,1.0,2.0,yes,No,Yes,No,No,0.0,No,furnished
280,4270000,6360.0,2.0,1.0,1.0,Yes,No,No,No,No,0.0,No,unfurnished
281,4270000,4658.37,2.0,1.0,1.0,yes,No,No,No,No,2.0,No,furnished
282,4270000,5268.134974244121,3.0,1.0,2.0,No,Yes,Yes,No,Yes,0.0,No,unfurnished
283,4270000,5268.134974244121,3.0,1.0,2.0,yes,No,No,No,No,1.0,No,unfurnished
284,4270000,4658.37,2.0,1.0,1.0,yes,No,Yes,No,No,1.0,No,unfurnished
285,4235000,5348.27,3.0,1.0,2.0,yes,Yes,No,No,No,0.0,No,semi-furnished
286,4235000,2787.0,3.0,1.0,2.0,Yes,No,Yes,No,No,0.0,Yes,furnished
287,4200000,5500.0,3.0,1.0,2.0,yes,No,Yes,No,Yes,0.0,No,unfurnished
288,4200000,5040.0,3.0,1.0,2.0,Yes,No,Yes,No,No,1.0,No,unfurnished
289,4200000,5850.0,2.0,1.0,1.0,Yes,Yes,Yes,No,No,2.0,No,semi-furnished
290,4200000,4387.315789473684,4.0,3.0,2.0,yes,Yes,Yes,No,No,0.0,No,semi-furnished
291,4200000,5268.134974244121,3.0,1.0,2.0,yes,No,Yes,No,Yes,1.0,No,unfurnished
292,4200000,2747.0,4.0,2.0,2.0,No,Yes,Yes,No,No,0.0,No,semi-furnished
293,4200000,4410.0,2.0,1.0,1.0,No,No,No,No,No,1.0,No,unfurnished
294,4200000,4387.315789473684,4.0,2.0,2.0,No,No,No,No,No,0.0,No,semi-furnished
295,4200000,5348.27,3.0,1.0,2.0,No,No,Yes,No,No,0.0,No,unfurnished
296,4200000,4600.0,3.0,2.0,2.0,Yes,No,Yes,No,No,0.0,No,unfurnished
297,4200000,5348.27,3.0,2.0,2.0,Yes,No,Yes,No,No,1.0,No,unfurnished
298,4200000,5268.134974244121,3.0,1.0,1.0,Yes,No,Yes,Yes,No,2.0,No,unfurnished
299,4200000,5348.27,3.0,1.0,1.0,Yes,No,Yes,No,No,3.0,No,furnished
300,4200000,4079.0,3.0,1.0,3.0,yes,No,No,No,No,0.0,No,unfurnished
301,4200000,5348.27,3.0,1.0,2.0,yes,No,Yes,No,No,0.0,No,semi-furnished
302,4200000,2145.0,3.0,1.0,3.0,Yes,No,No,No,No,1.0,No,unfurnished
303,4200000,4500.0,3.0,1.0,1.0,Yes,No,Yes,No,No,0.0,No,furnished
304,4193000,8250.0,3.0,1.0,1.0,Yes,No,Yes,No,No,3.0,No,semi-furnished
305,4193000,3450.0,3.0,1.0,2.0,Yes,No,No,No,No,1.0,No,semi-furnished
306,4165000,5348.27,3.0,1.0,2.0,yes,No,Yes,No,No,1.0,No,semi-furnished
307,4165000,5348.27,3.0,1.0,2.0,yes,No,Yes,No,No,2.0,No,unfurnished
308,4165000,4046.0,3.0,1.0,2.0,Yes,No,Yes,No,No,1.0,No,unfurnished
309,4130000,4632.0,4.0,1.0,2.0,Yes,No,No,No,No,0.0,No,unfurnished
310,4130000,5985.0,3.0,1.0,1.0,yes,No,Yes,No,No,2.0,No,unfurnished
311,4123000,4658.37,2.0,1.0,1.0,Yes,No,Yes,No,No,1.0,No,semi-furnished
312,4098500,5268.134974244121,3.0,1.0,2.0,Yes,No,Yes,No,Yes,1.0,Yes,unfurnished
313,4095000,3680.0,3.0,1.0,2.0,Yes,No,No,No,No,0.0,No,semi-furnished
314,4095000,4658.37,2.0,1.0,2.0,Yes,No,No,No,No,1.0,No,semi-furnished
315,4095000,5600.0,3.0,1.0,1.0,yes,No,No,No,Yes,0.0,No,unfurnished
316,4060000,5900.0,4.0,2.0,2.0,No,Yes,Yes,No,No,2.0,No,unfurnished
317,4060000,4992.0,3.0,1.0,2.0,yes,No,Yes,No,No,2.0,No,unfurnished
318,4060000,5348.27,3.0,1.0,2.0,yes,No,No,No,No,0.0,No,semi-furnished
319,4060000,3000.0,4.0,1.0,3.0,Yes,No,Yes,No,Yes,2.0,No,semi-furnished
320,4060000,5268.134974244121,3.0,1.0,2.0,yes,No,No,No,No,2.0,No,furnished
321,4025000,5268.134974244121,4.0,2.0,3.0,Yes,No,No,Yes,No,2.0,No,semi-furnished
322,4025000,5348.27,3.0,1.0,1.0,Yes,No,Yes,No,Yes,1.0,No,unfurnished
323,4025000,5400.0,3.0,1.0,1.0,yes,No,No,No,No,1.0,No,semi-furnished
324,4007500,4500.0,3.0,1.0,2.0,No,No,Yes,No,No,0.0,No,semi-furnished
325,4007500,3460.0,3.0,1.0,2.0,Yes,No,No,No,No,0.0,No,unfurnished
326,3990000,4100.0,3.0,1.0,1.0,yes,No,Yes,No,No,0.0,No,unfurnished
327,3990000,6480.0,3.0,1.0,2.0,No,No,Yes,No,No,1.0,No,unfurnished
328,3990000,5268.134974244121,3.0,1.0,2.0,yes,No,Yes,No,Yes,0.0,No,semi-furnished
329,3990000,3960.0,3.0,1.0,2.0,Yes,No,No,No,No,0.0,No,furnished
330,3990000,4050.0,3.0,1.0,2.0,Yes,Yes,Yes,No,No,0.0,Yes,unfurnished
331,3920000,7260.0,4.0,2.0,3.0,yes,Yes,No,No,No,3.0,No,furnished
332,3920000,4387.315789473684,4.0,1.0,2.0,yes,Yes,Yes,No,No,0.0,No,semi-furnished
333,3920000,5348.27,3.0,1.0,2.0,Yes,No,Yes,No,No,1.0,No,unfurnished
334,3920000,3290.0,2.0,1.0,1.0,yes,No,Yes,No,No,0.0,No,furnished
335,3920000,3816.0,2.0,1.0,1.0,Yes,No,Yes,No,Yes,0.0,No,furnished
336,3920000,5268.134974244121,3.0,1.0,2.0,Yes,No,Yes,No,Yes,2.0,No,unfurnished
337,3920000,2145.0,4.0,2.0,3.0,Yes,Yes,Yes,No,No,0.0,Yes,unfurnished
338,3885000,3780.0,2.0,1.0,2.0,yes,Yes,Yes,No,No,0.0,No,unfurnished
339,3885000,3180.0,4.0,2.0,3.0,yes,No,No,No,No,0.0,No,furnished
340,3850000,5300.0,3.0,1.0,2.0,yes,No,Yes,No,No,0.0,No,unfurnished
341,3850000,3180.0,2.0,2.0,1.0,Yes,No,Yes,No,No,0.0,No,semi-furnished
342,3850000,5268.134974244121,3.0,1.0,2.0,yes,No,No,No,Yes,0.0,No,furnished
343,3850000,4080.0,3.0,1.0,1.0,Yes,No,Yes,No,No,0.0,No,semi-furnished
344,3850000,5268.134974244121,3.0,1.0,2.0,Yes,No,No,No,No,0.0,No,unfurnished
345,3850000,2015.0,3.0,1.0,2.0,Yes,No,Yes,No,No,0.0,Yes,semi-furnished
346,3850000,2176.0,2.0,1.0,2.0,Yes,Yes,Yes,No,No,0.0,Yes,semi-furnished
347,3836000,3350.0,3.0,1.0,2.0,Yes,No,Yes,No,No,0.0,No,unfurnished
348,3815000,3150.0,2.0,1.0,1.0,No,No,Yes,No,No,0.0,No,semi-furnished
349,3780000,4820.0,3.0,1.0,2.0,Yes,No,No,No,No,0.0,No,semi-furnished
350,3780000,5268.134974244121,3.0,1.0,2.0,yes,No,Yes,Yes,No,1.0,No,unfurnished
351,3780000,4658.37,2.0,1.0,1.0,yes,No,No,No,No,0.0,No,semi-furnished
352,3780000,5830.0,2.0,1.0,1.0,Yes,No,No,No,No,2.0,No,unfurnished
353,3780000,5348.27,3.0,1.0,2.0,Yes,No,No,No,No,0.0,Yes,furnished
354,3780000,5268.134974244121,3.0,1.0,1.0,yes,No,Yes,No,No,1.0,No,furnished
355,3773000,8250.0,3.0,1.0,1.0,yes,No,No,No,No,2.0,No,furnished
356,3773000,2520.0,3.0,1.0,2.0,No,No,Yes,No,No,1.0,No,furnished
357,3773000,6930.0,4.0,2.0,2.0,yes,Yes,Yes,No,No,3.0,No,furnished
358,3745000,4658.37,2.0,1.0,1.0,Yes,No,No,No,No,0.0,Yes,semi-furnished
359,3710000,3600.0,3.0,1.0,1.0,Yes,No,Yes,No,No,0.0,No,unfurnished
360,3710000,4040.0,2.0,1.0,1.0,yes,No,No,No,No,0.0,No,semi-furnished
361,3710000,6020.0,3.0,1.0,1.0,Yes,No,Yes,No,No,0.0,No,unfurnished
362,3710000,4050.0,2.0,1.0,1.0,yes,No,No,No,No,0.0,No,furnished
363,3710000,5268.134974244121,3.0,1.0,1.0,yes,No,Yes,Yes,No,1.0,No,unfurnished
364,3703000,3120.0,3.0,1.0,2.0,No,No,Yes,Yes,No,0.0,No,semi-furnished
365,3703000,5450.0,2.0,1.0,1.0,Yes,No,No,No,No,1.0,No,unfurnished
366,3675000,4658.37,2.0,1.0,1.0,Yes,No,Yes,No,No,0.0,No,unfurnished
367,3675000,4658.37,2.0,1.0,1.0,yes,No,No,No,No,0.0,No,unfurnished
368,3675000,5640.0,2.0,1.0,1.0,No,No,No,No,No,2.0,No,semi-furnished
369,3675000,3600.0,3.0,1.0,2.0,Yes,No,No,No,No,0.0,No,furnished
370,3640000,4658.37,2.0,1.0,1.0,Yes,No,No,No,Yes,0.0,No,unfurnished
371,3640000,3570.0,3.0,1.0,2.0,yes,No,Yes,No,No,0.0,No,unfurnished
372,3640000,3180.0,3.0,1.0,2.0,yes,No,Yes,No,No,0.0,No,semi-furnished
373,3640000,4658.37,2.0,1.0,2.0,Yes,No,No,No,Yes,0.0,No,furnished
374,3640000,3520.0,3.0,1.0,2.0,Yes,No,Yes,No,No,0.0,No,semi-furnished
375,3640000,5348.27,3.0,1.0,2.0,Yes,No,Yes,No,No,1.0,No,unfurnished
376,3640000,5268.134974244121,4.0,2.0,2.0,Yes,Yes,No,No,No,2.0,No,semi-furnished
377,3640000,2850.0,3.0,2.0,2.0,No,No,Yes,No,No,0.0,Yes,unfurnished
378,3640000,5268.134974244121,3.0,1.0,2.0,yes,No,Yes,No,Yes,0.0,Yes,semi-furnished
379,3633000,3520.0,3.0,1.0,2.0,Yes,No,No,No,No,2.0,Yes,unfurnished
380,3605000,4500.0,3.0,1.0,2.0,Yes,No,Yes,No,No,0.0,No,semi-furnished
381,3605000,4000.0,3.0,1.0,1.0,Yes,No,No,No,No,0.0,No,semi-furnished
382,3570000,5348.27,3.0,1.0,2.0,Yes,No,Yes,No,No,1.0,No,unfurnished
383,3570000,4500.0,4.0,2.0,3.0,Yes,No,Yes,No,No,2.0,No,unfurnished
384,3570000,4500.0,2.0,1.0,1.0,No,No,No,No,No,0.0,No,furnished
385,3570000,4658.37,2.0,1.0,1.0,Yes,No,No,No,No,0.0,No,unfurnished
386,3535000,5348.27,3.0,1.0,2.0,Yes,No,Yes,No,No,2.0,No,unfurnished
387,3500000,4240.0,3.0,1.0,2.0,Yes,No,No,No,Yes,0.0,No,semi-furnished
388,3500000,5268.134974244121,3.0,1.0,2.0,Yes,No,No,No,No,1.0,No,unfurnished
389,3500000,4600.0,4.0,1.0,2.0,yes,No,No,No,No,0.0,No,semi-furnished
390,3500000,2135.0,3.0,1.0,2.0,No,No,Yes,No,No,0.0,No,unfurnished
391,3500000,3036.0,3.0,1.0,2.0,yes,No,Yes,No,No,0.0,No,unfurnished
392,3500000,5348.27,3.0,1.0,2.0,Yes,No,Yes,No,No,0.0,No,semi-furnished
393,3500000,7424.0,3.0,1.0,2.0,No,No,Yes,No,No,3.0,No,unfurnished
394,3500000,3480.0,3.0,1.0,1.0,No,No,Yes,No,No,0.0,No,unfurnished
395,3500000,3600.0,3.0,1.0,2.0,Yes,No,Yes,No,No,0.0,No,unfurnished
396,3500000,5268.134974244121,3.0,1.0,1.0,yes,No,No,No,No,1.0,No,semi-furnished
397,3500000,5900.0,3.0,1.0,2.0,Yes,No,No,No,No,2.0,No,furnished
398,3500000,5268.134974244121,3.0,1.0,2.0,yes,No,No,No,No,1.0,No,unfurnished
399,3500000,7350.0,2.0,1.0,1.0,yes,No,No,No,No,1.0,No,unfurnished
400,3500000,3512.0,2.0,1.0,1.0,Yes,No,No,No,No,1.0,Yes,unfurnished
401,3500000,9500.0,3.0,1.0,2.0,Yes,No,Yes,No,No,3.0,No,unfurnished
402,3500000,4658.37,2.0,1.0,1.0,Yes,No,No,No,No,0.0,No,unfurnished
403,3500000,12944.0,3.0,1.0,2.0,yes,No,Yes,No,No,0.0,No,unfurnished
404,3493000,5348.27,3.0,1.0,2.0,No,No,Yes,No,No,1.0,No,unfurnished
405,3465000,3060.0,3.0,1.0,1.0,Yes,No,No,No,No,0.0,No,unfurnished
406,3465000,5320.0,2.0,1.0,1.0,Yes,No,Yes,No,No,1.0,Yes,unfurnished
407,3465000,2145.0,3.0,1.0,2.0,Yes,No,No,No,No,0.0,No,unfurnished
408,3430000,4658.37,2.0,1.0,1.0,yes,No,No,No,No,0.0,No,unfurnished
409,3430000,3185.0,2.0,1.0,1.0,Yes,No,No,No,No,2.0,No,unfurnished
410,3430000,5268.134974244121,3.0,1.0,2.0,Yes,No,No,No,No,0.0,No,unfurnished
411,3430000,2145.0,3.0,1.0,3.0,yes,No,No,No,No,0.0,No,unfurnished
412,3430000,2610.0,3.0,1.0,2.0,Yes,No,Yes,No,No,0.0,Yes,unfurnished
413,3430000,1950.0,3.0,1.0,2.0,Yes,No,Yes,No,No,0.0,Yes,unfurnished
414,3423000,4658.37,2.0,1.0,1.0,yes,No,No,No,No,0.0,No,unfurnished
415,3395000,5268.134974244121,3.0,1.0,2.0,yes,No,Yes,No,No,1.0,No,furnished
416,3395000,3450.0,3.0,1.0,2.0,Yes,No,Yes,No,No,0.0,No,unfurnished
417,3395000,5268.134974244121,3.0,1.0,1.0,yes,No,Yes,No,No,0.0,No,furnished
418,3360000,4387.315789473684,4.0,1.0,2.0,yes,Yes,Yes,No,Yes,2.0,No,unfurnished
419,3360000,4960.0,4.0,1.0,3.0,No,No,No,No,No,0.0,No,semi-furnished
420,3360000,4120.0,3.0,1.0,2.0,Yes,No,No,No,No,0.0,No,unfurnished
421,3360000,4658.37,2.0,1.0,1.0,Yes,No,Yes,No,No,0.0,No,unfurnished
422,3360000,3720.0,2.0,1.0,1.0,No,No,No,No,Yes,0.0,No,unfurnished
423,3360000,3750.0,3.0,1.0,1.0,Yes,No,No,No,No,0.0,No,unfurnished
424,3360000,3100.0,3.0,1.0,2.0,No,No,Yes,No,No,0.0,No,semi-furnished
425,3360000,3185.0,2.0,1.0,1.0,Yes,No,Yes,No,No,2.0,No,unfurnished
426,3353000,5268.134974244121,3.0,1.0,1.0,yes,No,No,No,No,1.0,No,furnished
427,3332000,2145.0,3.0,1.0,2.0,yes,No,Yes,No,No,0.0,Yes,furnished
428,3325000,4658.37,2.0,1.0,1.0,Yes,No,No,No,No,1.0,No,unfurnished
429,3325000,5268.134974244121,3.0,1.0,2.0,Yes,No,No,No,No,1.0,No,unfurnished
430,3290000,4658.37,2.0,1.0,1.0,No,No,No,No,No,0.0,No,unfurnished
431,3290000,5268.134974244121,3.0,1.0,2.0,yes,No,Yes,No,Yes,0.0,No,unfurnished
432,3290000,5348.27,3.0,1.0,1.0,Yes,Yes,Yes,No,No,0.0,No,unfurnished
433,3290000,3480.0,3.0,1.0,2.0,yes,No,No,No,No,1.0,No,unfurnished
434,3290000,4387.315789473684,4.0,1.0,2.0,Yes,No,Yes,No,No,0.0,No,unfurnished
435,3290000,4658.37,2.0,1.0,1.0,yes,No,Yes,No,No,0.0,No,unfurnished
436,3290000,2145.0,3.0,1.0,2.0,Yes,No,Yes,No,No,0.0,No,unfurnished
437,3290000,5880.0,3.0,1.0,1.0,Yes,No,No,No,No,2.0,No,unfurnished
438,3255000,5268.134974244121,3.0,1.0,1.0,No,No,Yes,No,No,0.0,No,semi-furnished
439,3255000,5268.134974244121,3.0,1.0,1.0,yes,No,No,No,No,0.0,No,unfurnished
440,3234000,3640.0,4.0,1.0,2.0,Yes,Yes,Yes,No,No,0.0,No,unfurnished
441,3220000,4370.0,3.0,1.0,2.0,Yes,No,No,No,No,0.0,No,unfurnished
442,3220000,2684.0,2.0,1.0,1.0,Yes,No,No,No,Yes,1.0,No,unfurnished
443,3220000,4320.0,3.0,1.0,1.0,yes,No,No,No,No,0.0,No,unfurnished
444,3220000,3120.0,3.0,1.0,2.0,No,No,No,No,No,0.0,No,unfurnished
445,3150000,3450.0,1.0,1.0,1.0,Yes,No,Yes,No,No,0.0,No,furnished
446,3150000,4658.37,2.0,2.0,1.0,No,Yes,Yes,No,No,1.0,No,unfurnished
447,3150000,3500.0,2.0,1.0,1.0,yes,No,Yes,No,No,0.0,No,semi-furnished
448,3150000,4095.0,3.0,1.0,2.0,Yes,No,Yes,No,No,2.0,No,unfurnished
449,3150000,5348.27,3.0,1.0,2.0,yes,No,Yes,No,No,0.0,No,unfurnished
450,3150000,3450.0,3.0,1.0,2.0,Yes,No,Yes,No,No,0.0,No,semi-furnished
451,3150000,4658.37,2.0,1.0,1.0,Yes,No,No,No,No,0.0,No,unfurnished
452,3150000,5348.27,3.0,1.0,2.0,Yes,No,Yes,No,No,2.0,No,semi-furnished
453,3150000,3069.0,3.0,1.0,2.0,Yes,No,Yes,No,No,0.0,No,unfurnished
454,3143000,5348.27,3.0,1.0,2.0,yes,No,Yes,No,Yes,1.0,No,unfurnished
455,3129000,5495.0,3.0,1.0,1.0,Yes,No,Yes,No,No,0.0,No,unfurnished
456,3118850,2398.0,3.0,1.0,2.0,Yes,No,No,No,No,0.0,No,semi-furnished
457,3115000,3000.0,3.0,1.0,1.0,No,No,Yes,No,Yes,0.0,No,unfurnished
458,3115000,3850.0,3.0,1.0,2.0,Yes,No,No,No,No,0.0,No,unfurnished
459,3115000,3500.0,2.0,1.0,1.0,Yes,No,No,No,No,0.0,No,unfurnished
460,3087000,8100.0,2.0,1.0,1.0,yes,No,No,No,No,3.0,No,unfurnished
461,3080000,5268.134974244121,3.0,1.0,1.0,Yes,No,Yes,No,Yes,0.0,No,unfurnished
462,3080000,5348.27,3.0,1.0,2.0,No,No,Yes,No,No,1.0,No,semi-furnished
463,3080000,3090.0,3.0,1.0,1.0,Yes,Yes,Yes,No,No,0.0,No,unfurnished
464,3080000,4500.0,2.0,1.0,2.0,Yes,No,Yes,Yes,No,0.0,No,unfurnished
465,3045000,3800.0,2.0,1.0,1.0,yes,No,Yes,No,No,0.0,No,unfurnished
466,3010000,3090.0,3.0,1.0,2.0,No,No,No,No,No,0.0,No,semi-furnished
467,3010000,3240.0,3.0,1.0,2.0,Yes,No,No,No,No,0.0,No,semi-furnished
468,3010000,2835.0,3.0,1.0,1.0,yes,No,No,No,No,0.0,No,unfurnished
469,3010000,4600.0,2.0,1.0,1.0,Yes,No,No,No,No,0.0,No,furnished
470,3010000,5076.0,3.0,1.0,1.0,No,No,No,No,No,1.0,No,unfurnished
471,3010000,3750.0,3.0,1.0,2.0,Yes,No,No,No,No,0.0,No,unfurnished
472,3010000,4387.315789473684,4.0,1.0,2.0,yes,No,Yes,No,No,3.0,No,semi-furnished
473,3003000,4658.37,2.0,1.0,1.0,yes,No,No,No,No,0.0,No,unfurnished
474,2975000,4352.0,4.0,2.0,2.0,No,No,No,No,No,1.0,No,unfurnished
475,2961000,5268.134974244121,3.0,1.0,2.0,Yes,No,No,No,No,0.0,No,unfurnished
476,2940000,5850.0,3.0,1.0,2.0,yes,No,Yes,No,No,2.0,No,unfurnished
477,2940000,5268.134974244121,3.0,1.0,1.0,yes,No,No,No,No,1.0,No,unfurnished
478,2940000,5348.27,3.0,1.0,2.0,yes,No,Yes,No,No,1.0,No,unfurnished
479,2940000,4387.315789473684,4.0,2.0,3.0,No,No,No,No,No,0.0,No,unfurnished
480,2940000,5268.134974244121,3.0,1.0,2.0,yes,No,No,No,No,1.0,No,unfurnished
481,2940000,2700.0,2.0,1.0,1.0,No,No,No,No,No,0.0,No,unfurnished
482,2940000,5348.27,3.0,1.0,2.0,No,No,No,No,No,0.0,No,unfurnished
483,2940000,5348.27,3.0,1.0,2.0,yes,No,No,No,No,1.0,No,semi-furnished
484,2870000,3040.0,2.0,1.0,1.0,No,No,No,No,No,0.0,No,unfurnished
485,2870000,3630.0,3.0,1.0,1.0,Yes,No,No,No,No,0.0,No,unfurnished
486,2870000,4658.37,2.0,1.0,1.0,yes,No,No,No,No,0.0,No,semi-furnished
487,2870000,5400.0,4.0,2.0,3.0,Yes,No,No,No,No,0.0,No,unfurnished
488,2852500,5200.0,4.0,1.0,3.0,Yes,No,No,No,No,0.0,No,unfurnished
489,2835000,3300.0,3.0,1.0,2.0,No,No,No,No,No,1.0,No,unfurnished
490,2835000,5348.27,3.0,1.0,2.0,yes,No,Yes,No,No,1.0,No,unfurnished
491,2835000,4658.37,2.0,1.0,1.0,No,No,Yes,No,No,1.0,No,furnished
492,2800000,2650.0,3.0,1.0,2.0,Yes,No,Yes,No,No,1.0,No,unfurnished
493,2800000,3960.0,3.0,1.0,2.0,Yes,No,Yes,No,No,0.0,No,furnished
494,2730000,5268.134974244121,3.0,1.0,1.0,Yes,No,No,No,No,0.0,No,unfurnished
495,2730000,4000.0,3.0,1.0,2.0,yes,No,No,No,No,0.0,No,unfurnished
496,2695000,4000.0,3.0,1.0,2.0,yes,No,Yes,No,No,0.0,No,unfurnished
497,2660000,3934.0,2.0,1.0,1.0,yes,No,Yes,No,No,0.0,No,unfurnished
498,2660000,2000.0,2.0,1.0,1.0,yes,No,No,No,No,0.0,No,unfurnished
499,2660000,5348.27,3.0,3.0,2.0,No,Yes,Yes,No,No,1.0,No,unfurnished
500,2660000,2800.0,3.0,1.0,1.0,yes,No,No,No,No,0.0,No,unfurnished
501,2660000,2430.0,3.0,1.0,2.0,No,No,Yes,No,No,0.0,No,unfurnished
502,2660000,4658.37,2.0,1.0,1.0,yes,No,Yes,No,No,1.0,No,semi-furnished
503,2660000,4000.0,3.0,1.0,1.0,yes,No,No,No,No,0.0,No,unfurnished
504,2653000,3185.0,3.0,1.0,2.0,Yes,No,Yes,No,Yes,0.0,No,unfurnished
505,2653000,5348.27,3.0,1.0,2.0,Yes,No,No,No,Yes,0.0,No,unfurnished
506,2604000,4658.37,2.0,1.0,1.0,No,No,No,No,No,0.0,No,unfurnished
507,2590000,3600.0,2.0,1.0,1.0,yes,No,Yes,No,No,0.0,No,unfurnished
508,2590000,4658.37,2.0,1.0,1.0,Yes,No,Yes,No,No,0.0,No,unfurnished
509,2590000,4658.37,2.0,1.0,2.0,Yes,No,Yes,No,No,1.0,No,furnished
510,2520000,2880.0,3.0,1.0,1.0,yes,No,No,No,No,0.0,No,unfurnished
511,2520000,5348.27,3.0,1.0,2.0,yes,No,No,No,No,0.0,No,unfurnished
512,2520000,4658.37,2.0,1.0,1.0,Yes,No,Yes,No,No,0.0,No,furnished
513,2485000,4400.0,3.0,1.0,2.0,Yes,No,Yes,No,No,0.0,No,unfurnished
514,2485000,5348.27,3.0,1.0,2.0,yes,No,Yes,No,No,0.0,No,semi-furnished
515,2450000,3210.0,3.0,1.0,2.0,yes,No,Yes,No,No,0.0,No,unfurnished
516,2450000,3240.0,2.0,1.0,1.0,No,Yes,No,No,No,0.0,No,unfurnished
517,2450000,3000.0,3.0,1.0,1.0,Yes,No,Yes,No,No,1.0,No,unfurnished
518,2450000,4658.37,2.0,1.0,1.0,Yes,No,No,No,No,0.0,No,unfurnished
519,2450000,4658.37,2.0,1.0,2.0,yes,No,Yes,No,No,0.0,No,unfurnished
520,2450000,4658.37,2.0,1.0,1.0,Yes,No,No,No,No,0.0,No,unfurnished
521,2408000,3635.0,2.0,1.0,1.0,No,No,No,No,No,0.0,No,unfurnished
522,2380000,2475.0,3.0,1.0,2.0,Yes,No,No,No,No,0.0,No,furnished
523,2380000,4387.315789473684,4.0,2.0,2.0,yes,Yes,Yes,No,No,0.0,No,furnished
524,2380000,3264.0,3.0,1.0,1.0,Yes,No,No,No,No,0.0,No,unfurnished
525,2345000,3640.0,2.0,1.0,1.0,Yes,No,Yes,No,No,0.0,No,unfurnished
526,2310000,3180.0,2.0,1.0,1.0,yes,No,No,No,No,0.0,No,unfurnished
527,2275000,4658.37,2.0,1.0,1.0,No,No,Yes,No,No,0.0,No,semi-furnished
528,2275000,5268.134974244121,3.0,1.0,2.0,yes,No,No,No,No,0.0,No,unfurnished
529,2275000,5348.27,3.0,1.0,2.0,yes,No,Yes,No,No,0.0,No,unfurnished
530,2240000,1950.0,3.0,1.0,1.0,No,No,No,Yes,No,0.0,No,unfurnished
531,2233000,5300.0,3.0,1.0,1.0,No,No,No,No,Yes,0.0,Yes,unfurnished
532,2135000,5268.134974244121,3.0,1.0,1.0,No,No,No,No,No,1.0,No,unfurnished
533,2100000,2400.0,3.0,1.0,2.0,Yes,No,No,No,No,0.0,No,unfurnished
534,2100000,3000.0,4.0,2.0,2.0,yes,No,No,No,No,0.0,No,unfurnished
535,2100000,3360.0,2.0,1.0,1.0,Yes,No,No,No,No,0.0,No,unfurnished
536,1960000,5268.134974244121,3.0,1.0,2.0,No,No,No,No,No,1.0,No,unfurnished
537,1890000,5348.27,3.0,1.0,2.0,Yes,No,No,No,No,1.0,No,unfurnished
538,1890000,3649.0,2.0,1.0,1.0,yes,No,No,No,No,0.0,No,unfurnished
539,1855000,4658.37,2.0,1.0,1.0,yes,No,No,No,No,0.0,No,unfurnished
540,1820000,4658.37,2.0,1.0,1.0,yes,No,Yes,No,No,0.0,No,unfurnished
541,1767150,5348.27,3.0,1.0,1.0,No,No,No,No,No,1.0,No,unfurnished
542,1750000,3620.0,3.0,1.0,2.0,Yes,No,No,No,No,0.0,No,unfurnished
543,1750000,5268.134974244121,3.0,1.0,1.0,No,No,No,No,No,0.0,No,furnished
544,1750000,3850.0,3.0,1.0,2.0,yes,No,Yes,No,No,0.0,No,unfurnished
